metric,c2fo,taulia,notes
Data Period,March 2026,March 2026,SimilarWeb free tier estimates
Estimated Monthly Visits,76.8K,304.4K,Taulia has ~4x more traffic
Bounce Rate,29.16%,24.51%,Taulia has lower (better) bounce rate
Avg Visit Duration,00:02:09,00:05:06,Taulia visitors stay ~2.4x longer
Pages per Visit,3.72,4.33,Taulia visitors view more pages
Top Traffic Source,Direct (58.87%),Direct (69.3%),Both heavily reliant on direct traffic
2nd Traffic Source,Organic Search,Organic Search,Both rank organic search second
3rd Traffic Source,Display,Mail,C2FO uses display ads; Taulia gets email-driven traffic
Traffic Source % Breakdown,Paid only,Paid only,Full channel % split requires paid SimilarWeb plan
Top Country #1,United States (46.69%),United States (45.73%),Both US-dominant with similar share
Top Country #2,India (16.27%),United Kingdom (8.83%),C2FO skews toward India; Taulia toward UK/Europe
Top Country #3,Spain (12.29%),Mexico (7.18%),C2FO has more concentrated non-US traffic
Organic vs Paid Search Split,100% organic / 0% paid,98.45% organic / 1.55% paid,C2FO appears to run zero paid search; Taulia runs minimal paid
Total Ranking Keywords,463,2.4K,Taulia ranks for ~5x more keywords
Global Rank,#391210,#127592,Taulia ranks significantly higher globally
Country Rank (US),#153267,#50608,Taulia ~3x higher US rank
Category Rank,#806 (Finance > Financial Planning),#740 (Business Services),Different SimilarWeb categories
Annual Revenue (SimilarWeb Est.),$100M-$200M,$50M-$75M,SimilarWeb estimates; C2FO larger by revenue
Employees (SimilarWeb Est.),501-1000,201-500,C2FO has more employees per SimilarWeb
Month-over-Month Traffic Change,-16.43%,Not shown on free tier,C2FO traffic declined vs prior month
Top Organic Keywords,"c2fo; c2fo login; how to get paid early dsg; margin compression","taulia; taulia portal; sap taulia; what is strategic procurement; sap taulia login",Both dominated by branded searches
